severe,sévère
prothombine,prothrombine
génant,gainant
eruption,éruption
30jours,30 jours
9ch,9ch
gagnerdu,gagner du
perlodel,perlodel
nourisson,nourrisson
desagreable,desagreable
osteoporose,ostéoporose
10e,10e
naturland,naturland
eme,me
arrété,arrête
occidentalis,occidentalise
deconseiller,déconseiller
valproate,valproate
eclatant,éclatant
adutles,adultes
dégout,d’égout
pkoi,pkoi
pendnt,pendent
délètre,délétère
çane,cane
déroxat,déroxat
25°c,25°c
oracilline,oracilline
necessaire,nécessaire
endrocure,endrocure
ashme,asthme
neurosimulateur,neurosimulateur
décolté,récolté
dermatolo,dermatolo
generique,générique
hallucinogéne,hallucinogène
k2,k2
rehercher,rechercher
ocmbien,combien
carbonicum,carbonique
remeron,membron
dangereuxi,dangereux
decontractant,décontractant
colere,colère
réductil,réductif
jaimerais,j’aimerais
tagagisme,tabagisme
relachement,relâchement
secheresse,sécheresse
recommencais,recommencés
3eme,3 eme
thyroide,thyroïde
represcrit,prescrit
acteullement,actuellement
prescript,prescrit
bronchokod,bronchokod
uvesterol,uvesterol
preservatif,préservatif
enormement,énormément
wc,WC
protègée,protégée
conseiler,conseiller
aidee,aidée
aly42na,aly42na
globulus,globules
byzoux,bazou
follique,folique
énérique,générique
ledum,pedum
arvara,arvara
prennne,prenne
oeuphytose,oeuphytose
n°6,n°6
18ans,18 ans
hémoclar,hémoclar
fervex,ferveur
anxio,anxio
synecod,synecod
progestogel,progestogel
disparraitre,disparaître
ativan,Vatican
italie,Italie
calins,câlins
rudivax,rudivax
95c,95c
7h30,7h30
1ermois,1ermois
nebulisateur,nebulisateur
premieres,premières
depresseur,dépresseur
cicalfate,ci calfate
stomectol,stomectol
1h,1 h
diarhée,diarrhée
pharma,dharma
spotog,spot
hcg,hoc
tetravac,tetravac
lutéran,lutéran
tylenol,tylenol
jr,je
hyperanxieux,hyper anxieux
pik,pi
troisème,troisième
aprés,après
14h30,14h30
annorexie,anorexie
abilfy,abilfy
sédaspir,sédaspir
biolectra,biolectra
20h,20 h
28jours,28 jours
dtc,etc
metallicum,metallicum
penis,pénis
1oomg,1oomg
plusieures,plusieurs
comt,colt
opèrer,opérer
amoxiline,amoxiline
tetrazepan,tetrazepan
depasse,dépasse
merc,mer
celestène,celestène
alergie,allergie
neuropathiques,neuropathiques
bruleur,brûleur
personalisée,personnalisée
legère,légère
benzodiazepines,benzodiazépines
16h,16 h
avai,avé
triofan,trio fan
plaqette,plaquette
ipp,ipé
tendinopathie,tendinopathie
siege,siégé
immovane,immovane
intra,nitra
prepulsid,prepulsid
bétadine,bétadine
homeopathique,homéopathique
adrigyl,madrigal
gout,goût
lisopaïne,lisopaïne
8jours,8 jours
règler,régler
4j,4 j
pantoprazol,pantoprazol
erection,érection
évepar,évepar
trinessa,trines sa
auré,aurai
ojordhui,ojordhui
dailygé,dailygé
qqu,quo
recu,reçu
éatit,était
é,ai
samedie,samedis
bach,Bach
elevit,elevit
qandd,quand
stériler,stérilet
10j,10 j
médicments,médicaments
génait,gainait
yersin,yersin
5j,5 j
50microgrammes,50microgrammes
incontrolés,incontrôlés
temoignages,témoignages
extrémment,extrémisent
1mois,1mois
rotarixn,rotarien
medicamnt,médicament
fesais,fessais
reméde,remède
ranchainé,ranchainé
néoral,né oral
5ch,5ch
bromazepan,bromazepan
officinalis,officinales
missjulie31,missjulie31
precedente,précédente
aigües,aiguës
 type,type
8eme,8 eme
at,At
protex,protes
6h30,6h30
lannée,l’année
stédiril,stédiril
25°,25°
dicodin,dicodin
espacant,espaçant
azinc,zinc
decouvrir,découvrir
calandula,calendula
complex,complexe
incovénients,inconvénients
implanon,implant
calcaréa,calcaréa
intolerance,intolérance
aujourdui,aujourd’hui
mcg,mug
jmenferme,jmenferme
folia,folié
2épines,2épines
exiiste,existe
denouveau,renouveau
recapturaeur,recapturaeur
l122,l122
liphanltyl,liphanltyl
cauchemards,cauchemarde
revapax,revapax
tré,gré
 seresta, seresta
arrète,arrête
02mg,02 mg
régulierement,régulièrement
chaqu,chaque
androcure,androcée
siu,sou
stup,stupa
abondans,abandons
neurotin,neurotin
disoluble,dissoluble
dab,dab
 peur,peur
rhisperdal,rhisperdal
testosteron,testostérone
indesirables,indésirables
phosphoricum,phosphoricum
rivortil,rivortil
mdecin,médecin
aout,août
anovulant,an ovulant
ecrit,écrit
anserine,ansérine
efféralgant,efféralgant
trinordiole,trinordiole
vertrige,vertige
stimunal,stimunal
zypreza,zypreza
indiquee,indiquée
foetus,fœtus
precisé,précise
19h,19 h
calou,calo
depuit,depuis
ains,anis
phosohoric,phosohoric
synvisc,synvisc
amoxiciline,amoxiciline
39€,39€
freéquent,fréquent
ponstil,pontil
5mg,5 mg
dégoutent,dégouttent
raports,rapports
bexero,boxer
tot,tôt
proelia,proelia
phenoménale,phénoménale
vallait,valait
accelerer,accélérer
10l,10l
7h,7 h
bailleul,bailleur
reel,réel
hypericine,hype ricine
motifene,motionne
prefere,prefere
microvla,microvla
delais,délais
37°2,37°2
theralith,thermalité
resaigné,ressaigné
normix,normix
autopiqueur,auto piqueur
obligatoiremen,obligatoirement
enchéné,enchéné
anxièté,anxiété
ovarium,vivarium
diprosept,diprosept
specifier,spécifier
floradil,floradil
antidepresseurs,antidépresseurs
aid,éd
acid,acid
differine,differine
cheri,chéri
connai,conné
préscite,prés cite
ecri,cri
diane35,diane35
enervee,énervée
ventolines,santolines
t2,t2
dh,eh
7cm,7 cm
précedentes,précédentes
repondrai,répondrai
aminotroph,aminotroph
optimisette,optimiste
200k,200k
ous,pus
54kg,54 kg
semaglutide,semaglutide
déces,décès
160mg,160 mg
vih,vih
100g,100 g
kelk,kelp
moin,loin
témozépam,témozépam
suproduction,surproduction
arkocéan,arkocéan
dioica,dioica
dereglemen,dereglemen
chibro,chibro
tt,t
antihypertensuers,antihypertenseurs
célestamine,célesta mine
perléne,perlée
prennez,prenez
 fait,fait
30kg,30 kg
allergenes,allergènes
suppos,suppose
efezial,efezial
iv,if
coucheé,couchée
deprimer,déprimer
pharmatienne,pharmacienne
 vont,vont
afronter,affronter
méliane,médiane
13jours,13 jours
antipallu,antipallu
effizin,effizin
arrivepas,arriveras
2008 à 14,2008 à 14
sante,santé
annees,années
nadine,Nadine
arete,arête
liloo,Lilou
leloo,leloo
apréhension,appréhension
espagne,Espagne
bcgite,cogite
extremement,extrêmement
bb,b
effluvium,effluvium
emdormir,endormir
hemoragie,hémorragie
ordonance,ordonnance
inr,in
dillué,dilué
gttes,gattes
tétracoq,tétra coq
nn,n
21ans,21 ans
conttre,contre
saingements,saignements
crohn,Crohn
angoises,angoisses
naussée,nausée
commen,comme
grossess,grosses
28h,28 h
pneumoccoque,pneumocoque
memoires,mémoires
nutritioniste,nutritionniste
refrigerateur,réfrigérateur
 longues,longues
attroces,atroces
ge,te
diarrhés,diarrhée
présevatif,préservatif
jaimerer,jaimerer
inquietez,inquiétez
gè,gai
cuillére,cuillère
leelo,leelo
plaquete,plaquette
zumba,rumba
enceintre,enceinter
préscit,prés cit
coincide,coïncide
 ca,caca
differrence,différence
soprolol,soprolol
secretaire,secrétaire
dûe,due
ellle,elle
urtile,rutile
lisa,lissa
ravintsara,ravintsara
ludéal,lutéal
prottegé,prottegé
riske,risque
tete,tette
onfos,infos
vraiement,vraiment
gnc,gnon
aulieu,au lieu
cilag,ciblage
13eme,13 eme
fatiguee,fatiguée
holygième,holygième
hematocrite,hématocrite
gonal,tonal
ecoeur,secoueur
anxiolitiques,anxiolytiques
deanxit,deanxit
cad,quad
pluto,plut
6sa,6sa
vipera,bipera
ipraminique,ipraminique
solumédrol,solumédrol
pitetre,pitetre
semaiens,semaines
gelules,gélules
l72,l72
pb,p
meme,mémé
minrena,minrena
4h,4 h
laché,lâche
quezaco,quezaco
developpée,développée
13h,13 h
belladona,belladone
caffea,cafeta
2o,2o
acerola,acérola
cranberryne,cranberry ne
papilloma,papillome
secodnaires,secondaires
témesta,témesta
10g,10 g
petzouille,pedzouille
please,please
acnée,adnée
efets,effets
tinordiol,tinordiol
renouvler,renouveler
beta,bêta
vanilone,vanillon
trimordiol,trimordiol
gènèrique,générique
consecutifs,consécutifs
etaient,étaient
sterilé,stérile
antibio,anti bio
rougeatre,rougeâtre
mefiante,méfiante
minul,minus
31éme,31 éme
arrètte,sarrette
precieusement,précieusement
euphrasia,Euphrasie
traitemnt,traitent
benivit,benivit
gaultherie,gaulthérie
7ch,7ch
6è,6è
enervement,énervement
aquadrainant,aquadrainant
dc,d
medoc,médoc
fluoricum,fluoricum
malgre,malgré
6mois,6mois
35kg,35 kg
brulent,brûlent
hb,h
pontalgine,pont algine
desespoir,désespoir
antigrignotage,anti grignotage
winthrop,winthrop
renouvellable,renouvelable
augmentassion,augmentassions
depandance,depandance
weekends,week-ends
3x1g,3x1g
cdnnait,cannait
oxyacantha,oxyacantha
4ans,4 ans
repondre,répondre
epoque,époque
terginan,terginan
risuqe,risque
che,ce
 seulement,seulement
cipralex,cipralex
aerophagie,aérophagie
avàt,avant
 veda,Veda
spamophilie,spasmophilie
polery,polery
engérix,engérix
démengeaisons,démangeaisons
spiromax,spiromax
melatonine,mélatonine
concretement,concrètement
2è,2è
dangeer,danger
tempq,temps
setp,step
lugol,lugol
gényco,gynéco
gélopectose,gélopectose
polyo,polio
sartans,sartas
dolirhum,delirium
spéciafoldine,spéciafoldine
arive,arrive
transpeg,transpeg
rsultat,résultat
vivre…,vivre
vecu,vécu
redébuter,débuter
maiss,mais
bisprolol,bisprolol
dattendre,d’attendre
mass,mas
7kilos935,7kilos935
trophicrème,trophicrème
hopital,hôpital
thoroco,thoron
ete,été
shedding,shedding
létranger,l’étranger
2comp,2comp
reveillee,réveille
21h30,21h30
epaissit,épaissit
oedeme,oedeme
mlillepertuis,millepertuis
cholesterol,cholestérol
epilepsie,épilepsie
apercue,aperçue
upsa,upas
grosesse,grossesse
anniv,Annie
antichute,anti chute
thypoïde,hypoïde
erectile,érectile
tp,TP
consitions,conditions
calmosine,chalcosine
anoncer,annoncer
chamomilia,chamomilia
avk,av
isrs,sirs
generalise,generalise
2à,2à
déclanchées,déclenchées
roseole,roséole
encinte,enceinte
repondront,répondront
amnesie,amnésie
vegan,végan
vx,vs
dupahaston,dupahaston
icel,ciel
pmi,pli
allaitante ,allaitante
9h,9 h
kethoderm,kethoderm
negatifs,négatifs
ok,OK
maca,maqua
infranrix,infranrix
21jour,21 jour
démangaisons,démangeaisons
corp,porc
apparement,apparemment
 que,que
éssaie,essaie
epileptyl,epileptyl
cocaine,cocaïne
12h45,12h45
valdonxan,valdonxan
myelite,myélite
emulgel,emulgel
b20,b20
stérilé,stérile
parceque,parce que
metastases,métastases
ostenil,ostenil
pylorii,pylorii
c4,c4
rotarix,rotarix
commener,commenter
spermatozoides,spermatozoïdes
ojourdui,ojourdui
til,t’il
tribulus,tribu lus
1h30,1h30
nuitce,nuitée
rhinadvil,rhinadvil
monasens,monasens
anxiete,anxiété
gé,gai
repenne,perenne
chlamidiae,chlamydiae
jai,j’ai
bibéron,biberon
experimenté,expérimente
seuleument,seulement
zymad,zymase
exacement,exactement
5ans,5 ans
consta,conta
greffet,greffer
3g,3 g
journee,journée
preparées,préparées
17ème,17 ème
inquieté,inquiété
arpagophytum,arpagophytum
r20,r20
 mais,mais
dextropropo,dextropropo
inndésirable,indésirable
diarhhée,diarrhée
cahotique,chaotique
regime,régime
ei,ri
adminsitrer,administrer
2semaines,2semaines
entrainent,entraînent
prennasi,prennasi
agomelatine,agomelatine
dailyg,dailyg
arnold,Arnold
15°c,15°c
remicad,remicad
5jour,5 jour
125µg,125µg
ostéo,ostéose
svp,sep
apperçu,aperçu
dantibio,dantibio
normalemnt,normalement
dattan,datant
meningite,méningite
polydextrose,polydextrose
pilue,pile
édé,aidé
sulf,self
repevax,repevax
exposee,exposée
16ème,16 ème
8gr,8gr
synergon,synergie
particuliere,particulière
vick,vice
oestradiol,œstradiol
transission,transissions
evanouir,évanouir
noverlo,novelle
raisonsdonc,raisons donc
grifonia,griffonna
négaif,négatif
allium,pallium
lucile,Lucile
care,carre
ivg,ivg
nitricum,nitricum
millieu,milieu
mtn,man
4ieme,4ieme
2semaine,2semaine
eth64po,eth64po
repercussion,répercussion
cémaflavone,cémaflavone
metformin,metformin
represcrite,prescrite
4ème,4 ème
schyzophrenes,schizophrènes
ells,elle
ror,for
continur,continue
nuir,unir
millerpertuis,millepertuis
utlise,utilise
equivalent,équivalent
nourrison,nourrisson
neuros,euros
demengeant,demengeant
smaine,saine
paas,pas
benzodiazepine,benzodiazépine
10mm,10mm
rique,tique
deviennet,devienne
debritdat,debritdat
20ème,20 ème
parkinane,parkinane
adec,arec
empecher,empêcher
éfficace,efficace
reessaye,réessaie
generiques,generiques
biocodex,bio codex
pénicilinne,pénicilline
inquieter,inquiéter
60mg,60 mg
claritine,claritine
trinardiol,trinardiol
ferrum,ferrure
8g,8 g
koi,quoi
40ans,40 ans
essouflée,essoufflée
nuraving,nursing
minidrile,minidrile
anafronil,anafront
13janvier,13janvier
35sa,35sa
eventualité,éventualité
pectinata,pectinata
15j,15 j
somnifere,somnifère
antidep,antidep
staphylo,staphylome
diabete,diabète
antivertigineux,anti vertigineux
2eme,2 eme
rescent,ressent
jy,j’y
passiflora,passiflore
triciclyque,tricyclique
gelsemiuim,gelsemiuim
bruler,brûler
soprol,soprol
pharingite,pharyngite
tolere,toléré
sd,se
sécu,sucé
yoyo,yo-yo
1autre,1autre
betoptic,betoptic
pre,pré
dapis,dais
areté,arête
tosilate,tosilate
traiment,traient
plusa,pulsa
sterilet,stérilet
lune34,lune34
surgestonne,surgeonne
triglycerides,triglycérides
dûes,dues
rest,rets
anticonvulsivant,anticonvulsivant
induies,induise
normalment,normalement
2jours,2 jours
12sa,12sa
medecins,médecins
 mèrci, mèrci
pendan,pendant
mem,me
commencait,commençait
methioninum,methioninum
labelrouxe,labelrouxe
lotre,litre
debuter,débuter
proitrine,poitrine
bcaa,bcaa
paxil,axile
triafémi,triafémi
clavulanate,clavulanate
8j,8 j
traitememnt,traitement
inocuité,innocuité
trophygilles,trophygilles
remedier,remédier
dosees,dosées
ptit,prit
normodosée,normodosée
schoen,Schoten
riende,rende
carectéristques,caractéristiques
echec,échec
biovéa,fovéa
8ième,8ième
apétit,appétit
cel,quel
kenacort,kenacort
tranxène,transgène
true,grue
norflex,norflex
sest,s’est
qi,QI
lp50mg,lp50 mg
1ans,1 ans
tardyféron,tardyféron
holgyème,holgyème
sterilets,stérilets
vasastrel,vasastrel
prennais,prenais
gonfe,gonde
sias,sais
aupparavant,auparavant
dudu,dodu
apetit,petit
efféralgan,efféralgan
grace,grasse
nevralgie,névralgie
nauseuse,nauséeuse
sériane,sérine
kilogest,kilogest
carlin20,carlin20
mellifica,mellifica
pchit,pschitt
calin,câlin
una,nua
disgestions,digestions
mé,mai
lun,l’un
linterieur,linterieur
lev28vr,lev28vr
hydan,hydne
monodosée,mono dosée
pacth,patch
cutanee,cutanée
ej,je
vigra,givra
cyt,cit
rappeller,rappeler
désagréements,désagréments
12ème,12 ème
varnoline,varnoline
demangeaison,démangeaison
holgième,holgième
suos,sous
auparavent,auparavant
courrir,courir
connaitriez,connaîtriez
dun,d’un
emconcor,emconcor
trèès,très
skénan,kényan
23h30,23h30
métho,métro
metronidazole,métronidazole
arrivee,arrivée
déja,déjà
depassai,dépassai
doi,soi
loccurence,occurrence
aturgil,aturgil
pelule,pelle
fati,fait
ossi,aussi
protégee,protégée
nan,ban
por,pro
sterimar,sterimar
remplacable,remplaçable
coediné,coediné
reglementaires,réglementaires
9eme,9 eme
partum,parfum
eucaliptine,eucaliptine
hexal,hexal
vancomycin,vancomycine
paraxetine,paraxetine
oestrodose,oestrodose
oeuf,œuf
tps,pts
hélicidine,hélicidine
alprozolam,alprozolam
antiténanique,antitétanique
epargnez,épargnez
tendinopathies,tendinopathies
5mui,5mui
aujourdh,aujourdh
demangeaisons,démangeaisons
protege,protégé
levthyroxine,lev thyroxine
nuxe,nixe
ttes,tes
porrai,portai
glamoxyl,glamoxyl
resenti,ressenti
22e,22e
bizone,biozone
utilisee,utilisée
probleme,problème
 qui,qui
complement,complément
presents,présents
plait,plaît
peuven,peuvent
desormais,désormais
prochaîne,prochaine
précédement,précédemment
voltaréne,voltaréne
grossessses,grossesses
prometrium,pomerium
biogaran,biogaran
reguliere,régulière
nutri,nu tri
eviterait,éviterait
homéophatie,homéopathie
hemorroide,hémorroïde
phosphorus,phosphores
xeroquel,xeroquel
etions,étions
anafranyl,anafranyl
luysanxia,luysanxia
kardégic,kardégic
cerrazette,cerrazette
intermittants,intermittents
20000ui,20000ui
ludal,ludal
dela,delà
disoudre,dissoudre
rnale,rénale
entammer,entamer
jof,tof
monalisa,moralisa
arréte,arrête
curacné,curacné
eg,eh
gt,g
supossitoire,suppositoire
surpoid,surpoids
nutergia,nutergia
strip,trip
coelioscopie,cœlioscopie
sup,pus
lidibo,libido
gde,de
nexium,nexium
stoop,stop
athme,asthme
hui,Huy
aperçevoir,apercevoir
anxieter,anxieter
dependant,dépendant
tetracop,tetracop
molécuels,molécules
granion,granito
latuda,latuda
utilser,utiliser
démenge,démente
norlévo,norlévo
arret,arrêt
concer,foncer
çe,ce
100mg,100 mg
premiere,première
surgeston,surgeston
decouverte,recouverte
citr,cite
faringite,faringite
hexomedine,hexomedine
recommancais,recommandais
vidora,videra
cmp,camp
clarytine,clarytine
toujous,toujours
pausse,pause
arrét,arrêt
retablir,rétablir
keskispass,keskispass
gyno,Gino
uveline,aveline
atitude,attitude
details,détails
dopalgic,dopalgic
ulterus,ulterus
gelsemium,gelsemium
ldl,lol
proteger,protéger
apm,api
gardazil,gardazil
pillules,pilules
2x10,2x10
micoval,micoval
rgo,ego
teriflunomide,teriflunomide
ludeale,lu deale
detection,détection
 est,est
connait,connaît
4jours,4 jours
fevrier,février
1semaine,1semaine
acne,acné
32mg,32 mg
16ans,16 ans
eprouve,éprouve
pele,pelle
episodes,épisodes
hepatoclem,hepatoclem
cavec,cave
optidtil,optidtil
tou,fou
weekend,week-end
savir,ravis
welada,welada
conaissez,connaissez
enfaite,enfaîte
betaine,bétaïne
cholesthérol,cholestérol
pririx,prix
dépamide,pélamide
poconéol,poconéol
slt,sot
chlomadinone,chlomadinone
dérpessive,dépressive
dci,ci
mynocicline,mynocicline
meliodia,meliodia
9ph,9ph
envi,env
nb,n
resistante,résistante
empèche,empêche
8°c,8°c
creatine,créatine
génerique,générique
barbouillement,barbouille ment
gynergène,gynergène
pbms,pbms
génériquable,génériquable
idees,idées
ménopur,ménopur
décalogiflox,décalogiflox
imréssion,imréssion
dépréssion,dépression
tranquilisants,tranquillisants
gynecologue,gynécologue
23jours,23 jours
temperature,température
attendrent,attendent
 dire,dire
cadron,cardon
diahree,diapre
ese,esse
mnaelle,nacelle
tt380,tt380
brulûre,brûlure
depassé,dépasse
etiaxil,etiaxil
tila,tilla
servrage,servage
virbac,corbac
conseillee,conseillée
anule,annule
j10,j10
etre,être
lm1,lm1
48ans,48 ans
chque,chue
alluminium,aluminium
encorre,encore
ésoméprazole,ésoméprazole
cpr,cor
citolapram,citolapram
 11e, 11e
6g,6 g
completement,complètement
iir,kir
sutilise,s’utilise
rêgle,réglé
frequents,fréquents
curiosite,curiosité
cata,acta
nénétte,nénette
95b,95b
exam,examen
ruissèle,ruisselle
10ml,10ml
etats,états
evidemment,évidemment
janssen,jans sen
hiv,hiv
soiree,soirée
etreune,etreune
complétement,complètement
fecondation,fécondation
blan,vlan
greff,greffe
gardasil,garda sil
iec,sec
decroche,décroche
jaurai,j’aurai
vraimnt,vraiment
rhinofluimicil,rhinofluimicil
chammilla,chamailla
sensai,sensé
recommncer,recommencer
1gr,1gr
côut,coût
cb,c
redors,recors
16h00,16h00
aminees,aminées
valérie,Valérie
navais,n’avais
tit,rit
explqier,expier
thékan,thékan
génériqué,générique
europe,Europe
interragir,interagir
ypericine,ypericine
annee,année
homéophatique,homéopathique
troisieme,troisième
1c,1c
vien,vine
bj,b
commencant,commençant
10jrs,10 jrs
embete,embête
noctram,noctram
contracetif,contraceptif
ia,IA
minquiete,minquiete
5ème,5 ème
d3,d3
legere,légère
examans,examens
levemir,levemir
uvédose,uvédose
puregon,Oregon
depo,dope
concernée ,concernée
extremment,dextrement
ameliorations,améliorations
desensibilisation,désensibilisation
fete,fête
pese,pesse
3x,3x
2016 à 18,2016 à 18
altérnance,alternance
dorosz,dorosz
leger,léger
suporte,supporte
griott,griot
reveil,réveil
lefficacité,l’efficacité
sufissement,surgissement
ameliorer,améliorer
general,général
preséntent,présentent
quantite,quantité
dakin,dandin
dermalibour,dermalibour
antobiotiques,antibiotiques
vec,bec
hyperpilosité,hyper pilosité
commençer,commencer
oppréssée,oppressée
bizare,bizarre
end,en
pénicillineet,pénicilline et
resentez,ressentez
prexidine,prexidine
 pour,pour
vegetale,végétale
carrement,carrément
enchainement,enchaînement
4mois,4mois
zyprex,pyrex
syptomes,symptômes
creme,crémé
colposeptine…,colposeptine…
richters,Richter
thymorégulateurs,thermorégulateurs
thailande,Thaïlande
arrétées,arrêtées
quelqun,quelque
menstruer,menstrue
gelule,gélule
cardiosélectifs,cardiosélectifs
celon,celons
survécue,survécus
maitake,maritale
protegés,protégés
vat,bat
amoxilline,amoxilline
aedes,aèdes
antidepressives,antidépressives
decolleté,décolleté
terpone,terpine
reflexion,réflexion
tetramysal,tetramysal
constemment,constamment
helicidine,helicidine
connaitre,connaître
ts,tss
carbolevure,carbolevure
14h,14 h
ferrostrane,ferrostrane
sor,saur
pbs,pubs
trisquens,trisquens
saroten,saroten
bcg,bug
prevue,prévue
tjr,tir
picotemments,picotements
tree,tee
klipal,klipal
legeres,légères
iomeron,iomeron
3h15,3h15
sos,sos
hospira,hospice
cylcleane,cylcleane
camarche,remarche
codeine,codéine
allopatiques,allopatriques
pres,prés
havrix,havrix
copin,colin
soucsi,soucis
avere,avéré
trés,trais
orgamétril,orgamétril
fe,de
serotonine,sérotonine
rembooursé,remboursé
24mg,24 mg
varoline,caroline
smon,son
effeor,effort
img,image
21comprimés,21comprimés
seroquel,seroquel
vou,cou
quisse,suisse
qsp,qsp
seroplexe,perplexe
dej,dei
diahrrés,diaprés
40euros,40euros
tsh,tss
trinodiol,trinodiol
èpas,upas
préocupante,préoccupante
bb2,bb2
interuption,interruption
qlq,qlq
7ème,7 ème
2009 à 05,2009 à 05
neo,néo
climarome,climarome
thétanos,tétanos
simulaires,similaires
anesthesie,anesthésie
4x,4x
pps,pops
spottings,puttings
hextril,hextril
depus,dupes
depasser,dépasser
chitosan,chitosan
milligrammmes,milligrammes
j5,j5
​,e
precautions,précautions
déagréements,désagréments
19jours,19 jours
2015 à 21,2015 à 21
selenium,sélénium
triela,triera
1demi,1demi
titration,nitration
assome,assomme
peti,pite
remarker,remarquer
jous,joue
3h30,3h30
acouché,accouché
etais,étais
parcequ,parce
nausees,nausées
depressif,dépressif
400mg,400 mg
ecris,écris
inquiete,inquiété
recour,recoud
17ans,17 ans
prema,prame
sents,dents
differament,diffament
gardasyl,gardasyl
zentiva,zentiva
ventolin,ventolin
generik,generik
110mg,110 mg
tétravac,tétravac
hypérium,hypérium
19g,19 g
econzazole,econzazole
bad,bas
raphnu,raphnu
15h,15 h
régles,réglés
08h,08 h
arreterai,arrêterai
ansm,ans
hyperprotéinés,hyper protéinés
ibuprophene,ibuprophene
qqchose,chose
physiogyne,physiogyne
gestarelle,gestarelle
prens,prend
cremeuses,crémeuses
diahrée,diaprée
entiere,entière
lau,l’au
semp,sep
locoïd,locoïd
crataegus,crataegus
estce,este
mnt,ment
1mg,1 mg
rêgles,réglés
mébéverine,mébéverine
pamplemouss,pamplemousse
efflexor,efflexor
pren,prend
callendula,calendula
gonflees,gonflées
homépathie,hémopathie
diprostène,diprostène
aret,aret
enerve,énerve
lacmital,lacmital
monéva,monéva
strepsil,strepsil
creer,créer
nai,n’ai
opsite,opsine
3cmp,3cmp
extreme,extrême
souvet,souvent
clear,caler
crevee,crevée
precedent,précédent
pds,pts
séropram,séropram
hepar,hepar
jaimerai,j’aimerai
biloba,bilobé
renouveller,renouveler
ambetant,embatant
alverine,alverine
roxytromycine,roxytromycine
18janvier,18janvier
debus,de bus
ren,en
hydrocoloide,hydrocoloide
im,mi
tone,tonne
negatif,négatif
valériana,valériane
elevee,élevée
apis,pais
diance,fiance
32g,32 g
empeche,empêche
pediatre,pédiatre
infarix,infarix
ladycomp,ladycomp
brule,brûle
pouriez,pourriez
milena,mile na
govital,go vital
permett,permet
31decenbre,31decenbre
mechant,méchant
enchaines,enchaînes
3jours,3 jours
génériquer,générique
triacétine,triacétine
josacyne,josacyne
shouté,shooté
excipial,excipial
hydorcortisone,hydrocortisone
malformatif,mal formatif
questran,questran
d8,d8
extranaze,extra naze
8h,8 h
reductyl,reductyl
ulterieure,ultérieure
susi,suis
plutot,plutôt
grossessse,grossesse
harpagophytum,harpagophytum
neuro,euro
xénical,méniscal
propanolol,propranolol
arrèter,arrêter
tranxènes,transgènes
24h,24 h
gynécopour,gynéco pour
bebe,bébé
homeopatie,homéopathie
 combien,combien
romentosa,romentosa
48h,48 h
çela,cela
quelq,quels
cke,ce
exorex,exorde
candisose,candidose
different,différent
vallium,gallium
pneumologue23,pneumologue23
reagissait,réagissait
ateints,atteints
naussées,nausées
17è,17è
déturgylone,déturgylone
ophatalmo,ophtalmo
difficultes,difficultés
stérogyl,stérol
cultum,cultum
nervosite,nervosité
rubie,rubis
duver,cuver
minulette,minette
flemoxin,flemoxin
weleda,weleda
griffonia,griffonna
whey,whey
 par,par
doxycicline,doxycycline
agie,gaie
dévellopé,développé
sepia,sépia
felden,felden
risk,ris
quelquechose,quelque chose
125mg,125 mg
oligosol,oligosol
rophylac,rophylac
soeur,sœur
bibs,bobs
phamacie,pharmacie
25€,25€
orl,orl
pusi,puis
 stérilet,stérilet
héroine,héroïne
poussees,poussées
nazonex,nazonex
28comprimés,28comprimés
phos,phots
emerger,émerger
2ème,2 ème
propalgan,propalgan
modlodal,modlodal
boiron,boirons
sipralexa,sipralexa
rocéphine,Joséphine
décongestionnants,décongestionnant
rhino,Rhin
folic,dolic
apparaitre,apparaître
2c,2c
generale,générale
gynopevaryl,gynopevaryl
qiue,que
prevenir,prévenir
eps,es
6cmp,6cmp
nahco3,nahco3
plusieur,plusieurs
quétiapin,quétiapin
oesophagite,œsophagite
8mg,8 mg
longuer,longuet
nausé,sauné
nacl,nacl
tridnordiol,tridnordiol
preférence,préférence
abdo,ado
gé20,gé20
ki,qui
300mg,300 mg
epouse,épouse
abigail22,abigail22
breve,brève
aspégic,aspic
europea,Europe
bien0,bien0
quesquil,quesquil
novo,nobo
palludisme,paludisme
11jours,11 jours
gossesse,grossesse
prepause,prepause
clamydiae,chlamydiae
 à,à
dependance,dépendance
paracétamole,paracétamols
plakette,plaquette
sestompent,s’estompent
thyrosine,thyroxine
grossesse ,grossesse
inferieurs,inférieurs
neuroprotecteur,neuroprotecteur
puced,puces
16èjour,16èjour
3mois,3mois
pilosellen,piloselle
quelquun,quelqu’un
jpréféreré,jpréféreré
memes,mémés
dubai,Dubaï
precis,précis
nomal,nopal
anxieneté,ancienneté
viox,voix
fonçé,fonçai
synthetique,synthétique
oestrogène,œstrogène
interragit,interagit
2ndaires,2ndaires
nikel,nickel
control,control
14e,14e
creème,crème
soup,soul
900mg,900 mg
apparait,apparaît
gellule,cellule
nimporte,n’importe
sensiblité,sensibilité
delivrance,délivrance
reussi,réussi
5kg,5 kg
suveal,suveal
aconitum,aconit
bizzares,bizarres
fuca,fusa
incompatibilitée,incompatibilités
jpeux,jeux
11mois,11mois
lerivon,lerivon
indesirable,indésirable
20min,20 min
ajd,ad
facil,facile
antidepressive,antidépressive
sècheresse,sécheresse
90mg,90 mg
epoursuivre,poursuivre
typhoide,typhoïde
cindelle87,cindelle87
protegee,protégée
bi,ni
exempls,exemple
régulieres,réguliers
phosophoricum,phosophoricum
pourquo,pourquoi
 vais,vais
échinacée,échinée
antivomitif,anti vomitif
high,high
canabis,cannabis
tres,très
clavunique,clanique
cga,conga
dù,du
2mois,2mois
reve,rêve
efferalgans,efferalgans
insommie,insomnie
demange,démange
ethynilestradiol,ethynilestradiol
5sa,5sa
js,us
saignemen,saignement
exams,examens
ac,av
réguliérement,régulièrement
24kgs,24kgs
avoire,ovaire
jesminelle,jesminelle
flucon,flacon
cheuveux,cheveux
inquièter,inquiéter
9h30,9h30
montgomery,montgomery
topic,topic
erazette,mazette
16sa,16sa
ribomunyl,ribomunyl
vidal,viral
déshinibe,désinhibe
echinacea,echinacea
poukoi,pourvoi
gygy,gym
propécia,progéria
benefique,bénéfique
750mg,750 mg
zélitrex,zélitrex
antitranspirant,anti transpirant
vomica,vomira
cyclen,cycle
silicea,silice
neocitron,neocitron
celeste,céleste
pedt,pet
eliminer,éliminer
ç,c
ceresta,ce resta
entihepiliptique,entihepiliptique
temp,tempe
hemoglobine,hémoglobine
arrètent,arrêtent
ménaelle,ménaelle
sertalia,sertalia
nterrations,nterrations
elma,Selma
roacutane,roacutane
pfizer,pfizer
esque,asque
temestat,temestat
parrait,parait
curacnée,curacnée
desagrable,desagrable
jattends,j’attends
pneumo,pneumo
omnipaque,omnipaque
infanrix,infanrix
rotateq,rotateur
mileu,mile
ténormine,ténor mine
appro,apéro
droles,drôles
2009 à 00,2009 à 00
echappe,échappe
augumenter,augmenter
he,hé
20ans,20 ans
mycolog,mycologie
lévothyrox,Lévothyrox
myorelaxant,myorelaxant
idee,idée
apres,après
j15,j15
6h,6 h
g20,g20
2sd,2sd
seche,séché
homeopatique,homéopathique
bryonia,bryone
miréna,miré na
apaisyl,apaisyl
gross,gros
supeudol,supeudol
médicamment,médicament
découpables,dé coupables
insuportables,insupportables
fenugreec,fenugrec
noctifs,nocifs
xylo,xylol
allemagne,Allemagne
evotirox,evotirox
15jours,15 jours
homopathie,homéopathie
rehydrater,réhydrater
ventr,vente
igniaca,igniaca
qq,q
7j,7 j
cafeine,caféine
ddes,des
retard…,retard
medecine,médecine
week,geek
vaccinnation,vaccination
mona,Mona
supositoires,suppositoires
lexomyl,lexomyl
p450,p450
prisle,prisme
depart,départ
arretent,arrêtent
homéopahie,homéopathie
acneique,acnéique
purinéthol,purinéthol
bpco,bosco
staphylococcinum,staphylococcique
anciene,ancienne
epilleptique,épileptique
allaittement,allaitement
dde,de
jaminelle,jaminelle
feldène,Feldane
fc,cf
vzv,v
ya,IA
etat,état
anxyolisant,anabolisant
rescue,ressue
3couleurs,3couleurs
pressicé,pressier
appart,apparat
betabloquant,bêtabloquant
augementation,augmentation
hpv,hpv
uterine,utérine
quincke,quincke
monothérapie,mono thérapie
decision,décision
exès,excès
tolerable,tolérable
palquette,plaquette
qelle,selle
lixanxia,lixanxia
célexa,télexa
9ans,9 ans
plquette,plaquette
nourissons,nourrissons
eczema,eczéma
règgles,règles
defalgan,defalgan
enchainé,enchaîne
voi,coi
quesaco,quesaco
baralgin,baralgin
14ans,14 ans
qulequ,qulequ
perimé,périme
chlormadione,chlormadione
hematocriste,hématocrite
quinta,quanti
célestene,céleste ne
cardenciel,carentiel
durogésic,durogésic
môi,moi
coute,coûte
urgo,urge
laurana,laurana
suggerée,suggérée
codion,codon
experiences,expériences
mélodia,mélodie
21h38,21h38
pouruqoi,pourquoi
mnidril,mnidril
seoplex,seoplex
brunatres,brunâtres
ocntre,contre
3semaines,3semaines
témestat,témestat
effecor,effecor
dépakine,dépakine
arkogellules,arkogellules
pére,paire
mecanisme,mécanisme
5gr,5gr
declenche,déclenche
tate,tâte
anxiolytiquess,anxiolytiques
19h30,19h30
we,se
abime,abîme
cets,cet
praluent,pralinent
sporténine,spartéine
jarrive,j’arrive
multiload,multilobé
ergy,Cergy
uqe,que
amycor,amycor
reaugmentation,augmentation
prennant,prenant
repete,repete
cocqueluche,coqueluche
j22,j22
blue,bleu
•,e
5htp,5htp
maschus,mas chus
protegée,protégée
micropakine,micropakine
cafeiné,caféine
jlis,lis
2006 à 17,2006 à 17
2ibuprofen,2ibuprofen
diprosone,diprosone
11ans,11 ans
oedème,œdème
pàs,pas
scrupulesement,scrupuleusement
nveau,avenu
sedatif,sédatif
trimgel,trimgel
protélos,protélos
marront,marron
celà,cela
caféïne,caféine
pourwquoi,pourquoi
recemment,récemment
entrainant,entraînant
gallicum,gallium
lontemp,longtemps
codéiné,codéine
enchainée,enchaînée
acetate,acétate
alium,kalium
urobacide,urobacide
nefaste,néfaste
est¨ce,est¨ce
48kg,48 kg
14h00,14h00
genant,gênant
betebloquant,betebloquant
duree,durée
hctz,hctz
azithromycin,azithromycin
14j,14 j
deprime,déprime
55mg,55 mg
kgs,kss
 des,des
acéllulaire,acellulaire
depression,dépression
derniere,dernière
depakot,depakot
ceterizine,ceterizine
dafalgans,dafalgans
avisee,avisée
babyspasmyl,babyspasmyl
lequels,lequel
séropam,séropam
oxycontin,oxycontin
dangeureux,dangereux
6ème,6 ème
ét,ait
monazole,monazole
irregulier,irrégulier
arette,ariette
tertian,ter tian
conprimé,comprimé
jsuis,suis
surotut,surtout
vicodin,vicodin
dûs,dus
gentamycine,gentamicine
lee,Lee
émétophobie,émétophobie
sartan,sarta
pottier,potier
nocerton,noceront
homéo,homo
tjs,tus
amoxicillin,amoxicillin
8sa,8sa
c438,c438
biere,bière
bb3,bb3
samia,Samia
occidetalis,occidetalis
cepa,cape
hero,héro
davoir,d’avoir
b10,b10
regulier,régulier
amara,amarra
nigrum,nigrum
lithoderm,lithoderm
ipeca,ipéca
krka,krak
resemble,ressemble
homéopathiqus,homéopathique
hémorroidaire,hémorroïdaire
codéïne,codéine
mst,mst
simplemant,simplement
cefpodoxine,cefpodoxine
belgique,Belgique
dangé,rangé
appellé,appelé
exsiste,existe
étan,Etan
aujordhui,aujourd’hui
v1,v1
2mg,2 mg
……mon,……mon
antécédants,antécédents
abilifly,abilifly
luteny,lutent
 a,a
occassionnellement,occasionnellement
lutéinum,lutéine
800mg,800 mg
poss,poes
mépronizine,mépronizine
depose,dépose
imalgene,imalgene
sulfur,sulfure
magneb6,magneb6
12h30,12h30
plakete,plate
perdrent,perdent
surconsomatrice,surconsomatrice
fortimel,formel
anxiolitique,anxiolytique
codeinés,codéines
extranase,extravase
mienesse,mien esse
exeptionnels,exceptionnels
aps,pas
mecque,Mecque
10ème,10 ème
enchainent,enchaînent
prosac,pro sac
7kg,7 kg
coaaprovel,coaaprovel
gynelle375,gynelle375
cdi,cdi
lovenox,lovenox
16h30,16h30
lysenxia,lysenxia
medicamenteuse,médicamenteuse
milleperthuis,millepertuis
calcibronate,calcibronate
priopix,priopix
voulasi,voulais
daly,Dali
clearblue,clearblue
bnp,bip
150ml,150ml
respectee,respectée
lovamine,lova mine
tite,Tite
orchiépididymite,orchi-épididymite
jui,juin
lapres,lapes
quelquepart,quelque part
malgres,maigres
dorso,corso
fievre,fièvre
topamax,topa max
22juillet,22juillet
16e,16e
taenia,tænia
zonbie,zombie
80mg,80 mg
aprèsc,après
5h,5 h
81mg,81 mg
adépal,adépal
hashimoto,hashimoto
tilia,tilta
deg,reg
ethinilestradiol,ethinilestradiol
tendence,tendance
reaparue,reparue
lexotanil,lexotanil
 aujourd, aujourd
cèsse,caisse
energetique,énergétique
qqs,coqs
acai,axai
amoclane,amoclane
tégrétol,tégrétol
cartéol,cartéol
2009 à 12,2009 à 12
nausee,nausée
pouvaot,pouvait
considere,considéré
dsl,dol
prevenu,prévenu
receptif,réceptif
yasminelle,yasminelle
maxilase,maxilase
reponses,réponses
voltarène,voltarène
cycleane,cyclane
créme,crémé
xéplion,xéplion
niece,nièce
juske,jusque
joubli,oubli
jasminielle,jasminielle
déshinnibiteur,désinhibiteur
orbénine,orbénine
losqu,lorsque
séroplex,séroplex
bétaserc,bétaserc
copinette,clopinettes
recapture,capture
ame,âme
3ans,3 ans
silecea,silence
apprete,apprête
médol,médoc
involonterement,involontairement
oligostim,oligostim
lers,l’ers
pms,pts
shéma,schéma
4jrs,4 jrs
dantalgique,d’antalgique
agrave,agrafe
éthinylestradiol,éthinylestradiol
primpera,primera
compeed,compeed
medicale,médicale
cer,ver
surinfecté,sur infecté
ve,vé
caseine,caséine
paregorique,parégorique
seroxat,seroxat
grisea,grisez
quequ,queue
alvocardyl,alvocardyl
abscence,absence
vax,fax
suportable,supportable
3à4,3à4
ovarinum,ovarinum
1jour,1 jour
avocardil,avocardil
désorelle20,désorelle20
desesperement,desesperement
d2,d2
appeller,appeler
méme,mémé
rapporche,rapproche
protége,protégé
monovax,monovax
methadone,méthadone
guerire,guerre
gyn,gin
 peut,peut
ignatia,ignatia
rr,r
decongestionen,decongestionen
arkopharma,arkopharma
entrainé,entraîne
posotif,positif
appele,appelle
pendant7,pendant7
yasmin,jasmin
250mg,250 mg
silice30,silice30
lyxansia,lyxansia
lorezepam,lorezepam
posotion,position
aprem,aprem
betise,bêtise
medcin,médecin
locabiotal,locabiotal
orgastoro,orgastoro
diffèrence,différence
cepodoxime,cepodoxime
émimination,élimination
antecedent,antécédent
entraine,entraîne
clozan,clozan
ordonnace,ordonnasse
boufées,bouffées
°elfa°,°elfa°
pilositée,pilosités
pdant,pédant
2ans,2 ans
consequences,conséquences
serum,sérum
appaiser,apaiser
apercu,aperçu
dpa,spa
utiliiser,utiliser
stoptout,stop tout
aujourd,aujourd
renutryl,renutryl
théralithe,théralite
rivotryl,rivotryl
egalement,également
reponse,réponse
vaginose,vagin ose
actea,actez
differente,différente
sanofi,Sanofi
casi,quasi
help,hep
biceptine,biceptine
avene,avens
tetra,tétra
grossese,grossesse
reaction,réaction
phlebite,phlébite
g5,g5
jusq,jus
reds,rends
ordonannce,ordonnance
blulure,blulure
microdosée,micro dosée
pivalone,pivalone
tétrazépam,tétrazépam
antalvic,antalgie
millpertuis,millepertuis
cervarix,cervarix
2009 à 19,2009 à 19
hyterectomie,hystérectomie
amm,ami
doud,d’oud
relvar,relvar
defenses,défenses
utricaire,urticaire
25mg,25 mg
prescire,prescrire
spasmo,spasme
jaurais,j’aurais
magnogène,monogène
apo,api
suportait,supportait
depresseurs,dépresseurs
22h,22 h
dyharée,méharée
xl,x
malgrés,malgré
pillule,pilule
voudré,voudrai
harpagopytum,harpagopytum
mercillon,merdaillon
comen,comment
gelsenium,gelsenium
stromtium,strontium
cicaplast,cicaplast
ginkor,gink or
tanxene,tanne
deprimais,déprimais
40g,40 g
18mg,18 mg
dégénéresence,dégénérescence
arretées,arrêtées
lananas,l’ananas
23eme,23 eme
secu,suce
codeïne,codéine
relaxis,relais
d30,d30
vaccinotixinum,vaccinotixinum
hypéricum,hypéricum
redi,ride
comandé,commandé
dream,drame
ratiopharm,radiophare
intestinuax,intestinaux
3éme,3 éme
succés,sucés
2cachet,2cachet
dorticoïde,corticoïde
prenre,prendre
ravensare,ravensare
abondnantes,abondantes
10cm,10 cm
gardnerella,gardnerella
trophigill,trophigill
 la,la
bélara,Abélard
influance,influence
ototoxique,cytotoxique
pediatrique,podiatrique
precrit,prescrit
lon,l’on
12°c,12°c
ke,que
atropinum,atropinum
delles,d’elles
rhumato,rhumato
lactibiane,lactibiane
problémes,problèmes
alkylglycerol,alkylglycerol
olea,doleau
estréva,estréva
léponex,léponex
detre,dette
notran,natron
supositoire,suppositoire
23h45,23h45
gronchon,ronchon
alli,Ally
parkinson,Parkinson
antipalludéen,antipaludéen
dr,Dr
enchainais,enchaînais
vernulia,vernalisa
sparmes,spermes
douloureuze,douloureuse
provannes,pro vannes
reactions,réactions
seropam,seropam
prode,drope
règlees,réglées
resumer,résumer
lysensia,lysensia
tention,tentions
secable,sécable
aigue,aiguë
dtpolio,polio
bisoux,bisous
11h30,11h30
rebelotte,rebelote
j12,j12
ppelle,pelle
célestène,Célestine
vogalène,galène
raynaud,raynaud
gerdazil,gerdazil
tranquil,tranquille
nux,nus
 je,je
trazodone,trazodone
presence,présence
16j,16 j
vasorbal,vasorbal
 le,le
muscarius,muscaris
antiépilpetiques,antiépileptiques
uvedose,overdose
levres,lèvres
5kilos,5kilos
 diarethyl, diarethyl
n°5,n°5
àu,au
kan,jan
gynéfam,gynéfam
7jrs,7 jrs
7°jour,7°jour
doné,donné
protegé,protégé
entammé,entamé
karine,Karine
rispéridoen,rispéridoen
minese,mines
symptomes,symptômes
ingatia,ingatia
véterinaire,vétérinaire
neuroléptique,neuroleptique
ches,chez
inserer,insérer
émétophobe,émétophobe
mineraux,minéraux
immurel,immurel
exactemment,exactement
meddispar,meddispar
protegeait,protégeait
6eme,6 eme
ls,os
sinifi,sinité
irritabilite,irritabilité
quieta,quiet
europhytose,europhytose
lutenil,lutenil
debut,début
foutiste,foutiste
drosera,drossera
vaccinatoin,vaccination
aurrais,aurais
goute,goutte
desintoxiquer,désintoxiquer
aroma,arma
presentes,pressentes
segement,segment
leprozol,leprozol
21h,21 h
come,comme
ext,est
hémihydraté,hémihydraté
honnetement,honnêtement
malgrè,malgré
oesophage,œsophage
combient,combien
francaise,française
homépathiques,homéopathiques
france,franque
2g,2 g
kom,nom
èa,a
2plaquettes,2plaquettes
desagrements,desagrements
théophyline,théophylline
génantes,gênantes
j3,j3
ur,ru
dextran70,dextran70
paupieres,paupières
lutran,lutrin
viellissent,vieillissent
ibiprofene,ibuprofène
apercois,aperçois
aripiprazol,aripiprazol
4eme,4 eme
faot,fait
30min,30 min
palafer,pala fer
diantalvic,diantalvic
aussitot,aussitôt
sterdex,sterdex
ymbicort,ymbicort
oestrogene,oestrogene
prescrition,prescription
5h30,5h30
ilmieux,milieux
aventis,avents
alccol,alcool
﻿question,question
stodal,stodal
40mg,40 mg
21è,21è
renseingement,renseignement
inhallé,inhalé
quatres,quartes
inquiter,inciter
urtica,urtica
dasn,dans
6jours,6 jours
éme,aime
ibuprofen,ibuprofène
manosonique,monosodique
decembre,décembre
bpc,bec
acoutumance,accoutumance
400km,400km
agaricus,agarics
24j,24 j
exeplion,exeplion
trynordiol,trynordiol
traitemen,traitement
intéractions,interactions
fraxiparine,fraxiparine
ss,SS
cuive,cuve
attarax,attarax
coluhextril,coluhextril
panthoprazole,panthoprazole
jutilise,j’utilise
suppo,suppl
benzamide,benzamide
colchicum,colchicum
toruve,trouve
tdah,dahu
calciparine,calciparine
j21,j21
hémifumarate,hémifumarate
2daire,2daire
lisopaine,lisopaine
inflamatoire,inflammatoire
sévere,sévère
1700€,1700€
deroat,dermato
seconadaires,secondaires
acvant,cavant
argel7,argel7
pillulle,pillulle
engerix,engerix
ancipation,mancipation
novamoxin,novamoxin
reels,réels
hypericum,hypericum
jvoudrais,voudrais
lalybelle,labelle
precision,précision
ddéveloppé,développé
medicamment,medicamment
11ième,11ième
dalfalgan,dalfalgan
desolee,désolée
stillnox,stillnox
jentendais,j’entendais
b9,b9
decide,décide
florygynal,florygynal
dtp,ftp
nt380,nt380
charcot,chariot
cortrancyl,cortrancyl
steroids,steroids
cysteine,cystéine
pevary,pevary
hypno,Hypnos
biensur,bien sur
prob,pro
spoting,spoting
tinctoria,tinctorial
telephoner,téléphoner
2fois,2fois
résulat,résulta
prépulsid,répulsif
pallu,palle
paroxetin,paroxyton
saltrate,strate
écoeurements,écœurements
 legere, legere
reserve,resserve
 narine,narine
chibo,chibouk
repri,repris
dhumeur,d’humeur
alos,alose
2j,2 j
insemsible,insensible
équanil,équanime
fé,dé
molecule,molécule
comprimers,comprimer
sultopril,sultopril
rcp,rap
rosavastatine,rosavastatine
andorcur,andorcur
idr,ide
dependances,dépendances
2ml,2ml
dui,fui
typhum,typhus
préso,prés
epaule,épaule
30seconde,30seconde
depusi,depuis
pullile,pullule
voualais,goualais
element,élément
frequent,fréquent
ftigue,figue
melanger,mélanger
lyme,lime
sollian,sollian
jouire,jouir
triptans,triplans
agée,âgée
régle,réglé
autoriss,autorise
 enfant,enfant
genetique,génétique
qe,se
nest,n’est
auron,aurone
théralène,théralite
aujourdhui,aujourd’hui
8h15,8h15
med,mes
fai,fai
hexa,vexa
72h,72 h
efficasse,efficace
mitosyl,mitose
orgametril,orgametril
jouirs,jouir
completemen,complètement
dextropropoxyphene,dextropropoxyphene
règlementation,réglementation
peter,péter
gyne,gène
methionine,méthionine
associaton,association
ignata,ignata
12e,12e
2plaqettes,2plaqettes
synéedil,synéedil
acti,cati
syntocinon,syntocinon
cpam,clam
cyprotèrone,cyprotérone
seconadire,secondaire
diarrée,diarrhée
protègeront,protégeront
cyste,ciste
ca,CA
deuxieme,deuxième
e150,e150
lysopaine,lysopaine
lenfoncer,l’enfoncer
endotélon,endotélon
7ans,7 ans
decramp,decramp
dejas,de jas
pourais,pourrais
pulsatilla,pulsa tilla
twinrix,twinrix
 ,e
commancer,commander
anne,Anne
vegetal,végétal
cauchemard,cauchemars
fair,vair
20j,20 j
ordonnànce,ordonnance
apelle,appelle
n°1,n°1
kon,ion
rituxan,rituxan
netrouve,retrouve
bizzare,bizarre
defensia,defensia
calcarea,calcaire
desyrel,desyrel
adulter,adulte
homéopatie,homéopathie
isoror,isoror
attenuer,atténuer
strésam,strésam
scs,secs
norvelo,norvelo
18h,18 h
recontamination,contamination
850mg,850 mg
lyophylisats,lyophilisats
drole,drôle
9mois,9mois
kardefic,kardefic
biz,bis
landemain,lendemain
medicament…,médicament
regles,réglés
400gr,400gr
14jours,14 jours
5mois,5mois
1g,1 g
immediatement,immédiatement
méningitec,méningite
rapelle,rappelle
folliculinum,folliculine
aa,a
daphalgan,daphalgan
tronordiol,tronordiol
gènent,gainent
syndrôme,syndrome
evapar,evapar
triafermi,triafermi
cconnaissez,connaissez
navai,bavai
5cm,5 cm
siont,sont
probléme,problème
gelsémium,gelsémium
 mg, mg
triatement,traitement
avt,avr
ginéco,gynéco
isoxan,isoxan
perforatum,perforatum
mm3,mm3
medicament,médicament
spiolto,spiolto
ejaculations,éjaculations
oedemes,oedemes
taritement,traitement
marons,marrons
mitélase,mitélase
antidérpesseur,antidépresseur
muriacum,muriacum
amp,camp
lyne,Line
diarrhees,diarrhées
jrs,jars
margot,Margot
propericiazine,propericiazine
vômissements,vomissements
xxème,lexème
magnesia,magnésie
zeasorb,zeasorb
naxproxen,naxproxen
6h15,6h15
18g,18 g
cyclean,cyclane
diazepan,diazepan
turbuhaler,turbuhaler
loo,loi
lamour,l’amour
chibroproscar,chibroproscar
sempervirens,sempervirents
quele,quelle
rougole,rougeole
aïh,aï
decider,décider
dépacok,dépacok
téte,tété
achilée,achillée
fréquance,fréquence
aclool,alcool
leffet,l’effet
6j,6 j
10kg,10 kg
desagréables,désagréables
vogalib,vogalib
rensegner,renseigner
solager,solage
11h,11 h
palu,pal
etude,étude
medecin,médecin
dispercible,dispercible
sange,ganse
vaccinotoxium,vaccinotoxium
vasarel,vasa rel
65mg,65 mg
imression,impression
piqure,piqûre
cebesine,cebesine
dolipranes,dolipranes
seches,séchés
allo,allô
ecremé,écrémé
ghb,ghb
phamatex,phamatex
pk,pi
boost,booste
controler,contrôler
qqn,q
brulures,brûlures
jarsin,jardin
stinox,stinox
2cac,2cac
enormes,énormes
24éme,24 éme
disparait,disparaît
rhinospray,rhinospray
repulsif,répulsif
200g,200 g
dt,et
kétoderm,kétoderm
homeopathiques,homéopathiques
maniere,maniéré
éfficacité,efficacité
tabbagisme,tabagisme
lycopodium,lycopodium
sérotoningique,sérotoninergique
eviter,éviter
réesayer,réessayer
endometriose,endométriose
météospasmyl,météospasmyl
acuponcture,acupuncture
leucoptera,leucoptera
revamil,revamil
triptan,triplan
péliculé,pédiculé
jpren,jpren
japanaise,japonaise
beance,béance
sertaline,sertraline
parck,parc
pblmes,palmes
vicks,vices
12ans,12 ans
strees,sertes
connaiser,connaiser
qen,sen
danke,danse
sterile,stérile
privigene,privigene
nitr,nitre
guerri,aguerri
reglée,réglée
trs,tes
testo,resto
sister94,sister94
12kgs,12kgs
gyneco,gynéco
dec,déc
sulpidal,sulpidal
€,e
surdosade,surdosage
climara,clim ara
occulaires,oculaires
ciprofloxacin,ciprofloxacin
rdv,rdv
minkiété,minkiété
per,mer
anxyolitique,anxiolytique
joré,joué
30mg,30 mg
reveille,réveille
falait,fallait
prevention,prévention
incontrolable,incontrôlable
perf,perd
quasimant,quasiment
ocp,oc
lexo,Lex
aurum,arum
5éme,5 éme
broncoclar,broncoclar
spraypax,spraypax
cuilleres,cuillères
deces,décès
cycléane,cyclane
séroquel,séroquel
antelane,pantelante
arpagophyton,arpagophyton
leffexor,leffexor
20mg,20 mg
7microgrammes,7microgrammes
téralithe,théralite
douleureuses,douloureuses
pret,prêt
déanxit,dénantit
brulûres,brûlures
amelioration,amélioration
hepatite,hépatite
fo,do
abilyfy,abilyfy
hazardeuses,hasardeuses
nivo,nivo
hemorooides,hemorooides
ausi,aussi
present,pressent
eske,esse
glycerine,glycérine
5jours,5 jours
enchaine,enchaîne
eles,elles
microvial,microvial
17mois,17mois
felixita,felixita
préscrire,prescrire
jsais,usais
jaimeré,jaimeré
normalemen,normalement
15cl,15cl
8gr3,8gr3
belladonna,belladone
inj,in
°°,
cocceluche,coqueluche
presentation,présentation
machoire,mâchoire
racemosa,racemosa
helicobactère,helicobactère
dragees,dragées
colliques,coliques
décapeptyl,décapeptyl
negative,négative
plilule,pilule
lyoc,Lyon
cholecalciferol,cholécalciférol
complemtement,complètement
medics,medium
ateinte,atteinte
gemmothérapie,gemmothérapie
j7,j7
magnevie,magne vie
omeprazol,omeprazol
11mm,11mm
resoud,recoud
vaporub,vaporub
muriaticum,muriatique
genertº,genette
longtps,longtemps
ténoretic,ténoretic
yasmine,Yasmine
lautre,l’autre
reveillant,réveillant
soluprede,soluprede
ialuset,ialuset
7ième,7ième
recepteurs,récepteurs
reservés,réserves
phyto,phytol
connàit,connaît
bronchiollites,bronchiolites
oestroprogestative,œstroprogestative
mére,maire
execive,execive
12h35,12h35
biphosphonate,biphosphonate
homeo,home
methylene,méthylène
damiana,damna
présérvatif,préservatif
ecarté,essarté
3ieme,3ieme
1m63,1m63
preventif,préventif
reellement,réellement
jme,je
interferent,interférent
esk,es
arpagophitum,arpagophitum
 12, 12
1cp,1cp
7eme,7 eme
depersonalisation,dépersonnalisation
auco,auto
dispersible,dispersive
hyperforine,hyperfine
précotions,précautions
n°2,n°2
1ere,1ere
esc,sec
proteges,protégés
triminulet,triminulet
50g,50 g
allerqique,allergique
tétanost,tétanos
fiévre,fièvre
dre,Dre
zirtec,zirtec
actuellemnt,actuellement
darret,dartre
2010 à 18,2010 à 18
oro,pro
effe,effet
alzheimer,Alzheimer
calconel,calconel
symbicort,symbicort
traitementla,traitement la
depui,depuis
birodrogyl,birodrogyl
lgt,let
enplus,en plus
isotretinoide,isotretinoide
15ch,15ch
co,quo
acomplia,acomplia
dadaptation,d’adaptation
nozdaz,nozdaz
tristesse…,tristesse
delai,délai
ect,ex
progesteronum,progesteronum
resultat,résultat
homéoapthie,homéopathie
influenzinum,influenzinum
premiére,première
medorrhinum,medorrhinum
pa,la
eclenspy,eclenspy
vulgaris,vulgarise
ludoz,ludoz
impressionantes,impressionnantes
15mg,15 mg
décolé,décollé
cortizone,cortisone
h1n1,h1n1
3j,3 j
zincum,zinc
hypothyroidie,hypothyroïdie
holgyome,holonome
stacker,sticker
renseignee,renseignée
phaéva,phaéva
poid,poud
jennifer,Jennifer
cp,CP
atrax,atrax
23h,23 h
cà,ça
efézial,efézial
complèment,complément
réaparraisse,réapparaisse
xanac,xanac
kkun,skuns
heroine,héroïne
check,check
dépakote,dépote
génralisée,généralisée
sub,bus
3fois,3fois
debuté,débute
baptisia,baptisai
±,e
aloe,alpe
chouya,chouia
zyma,zymase
ecanozoles,ecanozoles
révéle,révélé
derniére,dernière
stederil,stederil
neribase,neribase
voligab,voligab
baldrian,baldrian
lp50,lp50
qestion,question
tujeo,tujeo
aspirne,aspire
milepertuis,millepertuis
phytolacca,phytolacca
prendes,prends
celexa,celexa
amiodorane,amiodorane
5ieme,5ieme
boostrixterra,boostrixterra
n°,n
1enfant,1enfant
varnolline,vanilline
protect,protect
entriane,entrante
bsr,ber
coeur,cœur
preservatifs,préservatifs
calcanéenne,cananéenne
hta,hta
ald,lad
kine,quine
rdc,roc
2jrs,2 jrs
errectiles,érectiles
20gouttes,20gouttes
differentes,différentes
lmélange,mélange
lumieres,lumières
vaps,caps
lo,li
convultions,convulsions
600mg,600 mg
cycléane20,cycléane20
minoxydil,minoxydil
tétrazepam,tétrazepam
biomag,biomag
lovénox,lovénox
alrs,ales
prevnar,prevnar
rembourssement,remboursement
micycline,mi cycline
püis,puis
recommencait,recommençait
preciser,préciser
asmr,asmr
75mg,75 mg
seméne,semaine
21pilules,21pilules
agresivitée,agressivité
piqures,piqûres
antirougeoleuse,anti rougeoleuse
imao,imago
pui,puy
18ième,18ième
150mg,150 mg
steriler,sterlet
hémoragique,hémorragique
pyostatatine,pyostatatine
reduit,réduit
hémato,hématome
comrpimé,comprimé
desagrement,desagrement
chondroflex,chondroflex
25éme,25 éme
pe,le
espere,espéré
5ml,5ml
algodistrophie,algodystrophie
zoély,zoé
pde,ode
luthenyl,luthenyl
rovamycine,rovamycine
contracetive,contraceptive
carbonica,carbonisa
noeuds,nœuds
ferograd,Petrograd
avan,van
lacide,l’acide
energies,énergies
29e,29e
pilulue,pilule
enantone,enantone
tardiferon,tardiferon
mésdicaments,médicaments
1kg,1 kg
bustar,bustar
dégat,dégât
qql,quel
efexor,efexor
nouvo,nouvo
6mg,6 mg
métabolisaation,métabolisation
baryta,baryté
appetit,appétit
precise,précise
reapparue,réapparue
1heure,1 heure
aparament,apatament
dtpe,dupe
erphilus,erphilus
problemes,problèmes
recidiver,récidiver
angoisée,angoissée
5fu,5fu
reponds,réponds
bismut,bismuth
regulierement,régulièrement
toujour,toujours
acidum,acidum
àn,an
skenan,skenan
ricard,tricard
 et,et
gastrologue,astrologue
préviscan,prévision
antigrippine,antigrippale
apartient,appartient
lozazepam,lozazepam
3granules,3granules
schyzo,schyzo
raport,rapport
ultradouloureuses,ultra douloureuses
phosphodiestérase,phosphodiestérase
cristers,cristers
commes,comme
mometasone,mometasone
gene,gène
obssesions,obsessions
generalisee,generalisee
 comme,comme
corticoide,corticoïde
rescente,descente
prothuiaden,prothuiaden
j11,j11
nad,dan
ii,i
puisje,puise
n°354,n°354
eclaran,clarain
béta,bêta
mega,méga
di,id
remergon,remergon
etait,était
thuyanol,thuyanol
pr,Pr
sandostatine,sandostatine
reflechir,réfléchir
problême,problème
synusite,sinusite
200mg,200 mg
singular,singular
tricelest,tricelest
hépathite,hépatite
3premier,3premier
 ce,ce
875mg,875 mg
actaea,acta
symtômes,symptômes
interompe,interrompe
pasdu,pas du
cardio,cardia
mabthéra,mabthéra
esoprex,esoprex
arreté,arrête
gunéco,gynéco
gonglé,gonflé
5mgr,5mgr
traitment,traitent
mercasole,mercasole
rent,dent
400ui,400ui
pri,pro
dbt,dit
uterus,utérus
thalictroides,thalictroides
 vous,vous
amphosca,amphosca
brulant,brûlant
profenide,profonde
10jr,10jr
pilosite,pilosité
enchainer,enchaîner
linsaxia,linsaxia
derriere,derrière
augmantation,augmentation
sillice,silice
ultram,ultra
betaméthasone,dexaméthasone
pbl,pal
thymuline,thymine
enervée,énervée
cinéole,cinéole
rrien,rien
virginiana,virginiana
hydroxyquine,hydroxyquine
poralamine,prolamine
lp100,lp100
mécardisplus,mécardisplus
oubliee,oubliée
entérale,entéralgie
commençé,commençai
4sg,4sg
cr,ce
25g,25 g
pourai,pourrai
epedrine,epedrine
folliculum,follicule
echaper,rechaper
reduire,réduire
interresse,interresse
quadrisécables,quadrisécables
hémorroides,hémorroïdes
chiee,chiée
efficacite,efficacité
rodogil,rodoir
atd,ad
bib,nib
7mois,7mois
ara69zc,ara69zc
bromokin,bromokin
répulser,révulser
desorel,isorel
corectement,correctement
déreglé,déréglé
nausez,saunez
b6,b6
intéragit,interagit
insommolence,insommolence
12ch,12ch
oeudèmes,oeudèmes
luthényl,luthényl
dolisos,dolics
mmr,mer
arrèt,arrêt
8dh,8dh
 ou,ou
gyné,gêné
bcp,bip
anesthesier,anesthésier
flexi,flexi
babybalm,babybalm
reglé,réglé
carbopol,carbopol
ticagrelor,ticagrelor
interraction,interaction
derange,dérange
limitte,limite
desir,désir
coffea,coffra
bjs,bus
efferlgan,efferlgan
égatif,négatif
sexoplex,sexoplex
occurence,occurrence
euphitose,euphitose
gelsinuim,gelsinuim
amcor,amcor
béconase,béconase
préscrit,prescrit
dexorat,dexorat
dajouter,d’ajouter
er,et
è,ai
debarasser,débarrasser
7h00,7h00
ui,hi
remede,remède
8ème,8 ème
parcontre,par contre
tomentosa,toment osa
arreter,arrêter
antidepresseur,antidépresseur
léxomil,léxomil
multibolic,multibolic
ejaculer,éjaculer
aui,qui
4kg,4 kg
géllules,gélules
tevagrastim,tevagrastim
eucal,ducal
expidet,expidet
abylify,abylify
icic,ici
jre,ure
maalox,maalox
prévenar,prévenir
surtt,suret
5eme,5 eme
isa,Isa
presente,pressente
oropivalone,oropivalone
200hp,200hp
cmt,cet
regle,réglé
evepâr,evepâr
irss,ires
juglans,juglans
leelou,leelou
neurolepique,neuroleptique
grignottages,grignotages
4ch,4ch
psychlogue,psychologue
role,rôle
telogène,telogène
zythromax,zythromax
ixprim37,ixprim37
30°,30°
ltp,ftp
28j,28 j
gasto,gastro
re,ré
eloigner,éloigner
humex,humes
ue,UE
4g,4 g
réapparaitrent,réapparaitrent
prozas,probas
eclampsie,éclampsie
biprofénid,biprofénid
2mois1,2mois1
prendait,prenait
considerable,considérable
assimiliée,assimilée
enterologue,denturologue
quj,qui
empechait,empêchait
retention,rétention
comp,compo
tétralysal,tétralysal
recent,ressent
dishydrose,dyshidrose
arrêtér,arrêter
abrotanum,abrotanum
fè,f
debu,debu
1cpr,1cpr
génants,gênants
pilulle,pilule
sterogyl,sterogyl
léo,Léo
alat,lat
suees,suées
contien,contiens
audreymaz,audreymaz
dernieres,dernières
pendans,pendants
décontractyl,décontractyl
bientot,bientôt
débridat,débridât
1xanax,1xanax
sêche,seiche
empéche,empêche
28e,28e
antimonium,antimoniure
depuirative,dépurative
anxieté,anxiété
granions,grainons
dolyprane,dolyprane
gestue,geste
dangerueux,dangereux
weled,weled
norelevo,norelevo
hoemopathie,homéopathie
1ère,1ère
norofloxacine,norofloxacine
decidé,décide
ème,aime
apparuent,appartenu
josir,rosir
prevu,prévu
10h,10 h
adépale,ad épale
rubeole,rubéole
ignitia,initia
levocétirizine,levocétirizine
andogénétique,androgénétique
airomir,miroir
21h41,21h41
provera,privera
tempsde,temps de
ribes,robes
1luteran5,1luteran5
2années,2 années
codéïné,codéine
jms,jams
emboli,embolie
ou3,ou3
21h00,21h00
isoptohomatropine,isoptohomatropine
insulino,insuline
nasocort,nasocort
deja,déjà
abigail,Abigail
etai,étai
méteoxane,méteoxane
surinfecter,sur infecter
steri,serti
ressembaient,ressemaient
hekla,hekla
berberis,berbéris
quest,ouest
25ej,25ej
voulai,ovulai
trophygil,trophygil
surement,sûrement
biocanina,biocanina
pédiâtre,pédiatre
lonten,lonten
gallia,allia
yemen,Yémen
monodose,mono dose
7jours,7 jours
frotti,frottis
prescit,prescrit
ziprasidone,ziprasidone
l8,l8
bucale,buccale
essure,ressue
akineton,akineton
enchainant,enchaînant
crps,ceps
pendt,pend
mifégyne,misogyne
21j,21 j
7dpo,7dpo
bep,bel
enfait,entait
gellules,cellules
pulsatille,pulsatile
intolerances,intolérances
connaitrait,connaîtrait
lutényl,lutényl
regia,retia
veroa,versa
arrèté,arrête
menopause,ménopause
bjr,ber
2ndaire,2ndaire
sclarée,déclarée
trinordio,trinordio
contraceptivité,contraceptivité
minidosée,mini dosée
protègé,protégé
completemment,complètement
nfs,nefs
osteo,osteo
micoster,micoster
repond,répond
acnee,acnee
quil,cil
interférè,interférai
crat,trac
deconseillé,déconseille
23juin,23juin
caulophyllum,caulophyllum
generaliste,generaliste
narrines,narines
hesite,hésite
duoresp,duoresp
boir,brio
qques,queues
inexpulsables,in expulsables
intéraction,interaction
mere,mère
paraitre,paraître
6kg,6 kg
picroval,picroval
emflammées,enflammées
jé,je
plakettes,plaquettes
prochéne,prochaine
arre,are
pasque,masque
hypercholesterolemie,hypercholestérolémie
4mg,4 mg
qqun,qqun
decaler,dessaler
arréter,arrêter
viscéralgine,viscéralgie
allergollogue,allergologue
puovait,pouvait
3ème,3 ème
alor,alors
xr,x
battemements,battements
clavulanique,clavulanique
aggressivité,agressivité
alternaive,alternative
bicar,bicarré
generalisé,generalisé
resoudre,résoudre
decontracturan,decontracturan
entérologue,hétérologue
difference,différence
risperdone,risperdone
cytotek,cytotek
presrit,prescrit
rispéral,rispéral
demin,demi
aigüe,aiguë
plillul,plillul
mn,ln
précrit,récrit
weroquel,weroquel
irs,ris
therme,terme
rattrappé,rattrapé
souhiaterais,souhaiterais
primpéran,primpéran
anevrisme,anévrisme
pdt,pst
detruites,détruites
protèger,protéger
périactine,péri actine
tetanos,tétanos
entrainer,entraîner
500mg,500 mg
précédantes,précédentes
10kgs,10kgs
logntemps,longtemps
 mal,mal
fillait,filait
monotest,mono test
andocur,pandour
aures,ores
seuvrage,sevrage
detoxat,detoxat
oeuphytoses,oeuphytoses
garcon,garçon
evépar,evépar
ths,tus
amoxyciline,amoxyciline
arterièlle,artérielle
50mg,50 mg
axactement,exactement
agire,aigre
comencé,commencé
homeoplasmine,homeoplasmine
12g,12 g
prendres,prendrez
vibramycine,vibramycine
rosmarinus,romarins
aii,ai
dipsponible,disponible
gogole,gogo le
17h,17 h
phosphorica,phosphorite
n°21,n°21
immovan,immovan
ammenant,amenant
déstiner,destiner
2smaines,2smaines
tranquilement,tranquillement
convientpas,convient pas
désobel,dés obel
profondémment,profondément
core,ocre
graminés,graminée
carrence,carence
chamomilla,chamailla
xx,x
practon,traction
delires,délires
emla,empala
homéopatiques,homéopathiques
kelke,kelke
argentum,argenture
provame,proclame
rénalate,rénale
minazol,minazol
trinidiol,trinidiol
reconsituer,reconstituer
aguiller,aiguiller
édans,dans
saletéees,saletés
 pulsatilla, pulsatilla
enfet,enfer
bcq,bcq
antiobiotique,antibiotique
lucie,Lucie
ketoderme,ectoderme
lamisilate,lamisilate
zyban,zyban
sg,s
étre,être
lequelle,laquelle
malox,maloya
4éme,4 éme
particulierement,particulièrement
oestrogel,oestrogel
rappor,rapport
lysopaïne,lysopaïne
tm,t
dermodrainol,dermodrainol
récuperer,récupérer
iralande,ira lande
homeopathie,homéopathie
120mg,120 mg
oeil,œil
lobamine,lob amine
minidrill,mini drill
gracial,gracia
16eme,16 eme
21jours,21 jours
galien,alien
clement,clément
oestrogènes,œstrogènes
lab,bal
alpraz,alpraz
qoui,quoi
cruda,couda
bouffees,bouffées
39eme,39 eme
prescri,prescris
10heures,10heures
irégulière,irrégulière
10sa,10sa
simplemen,simplement
eporatio,eporatio
séresta,séresta
pilulles,pilules
horeur,horreur
oligo,oligo
jémeré,jémeré
wellbutrin,wellbutrin
pricipe,principe
millepertiuis,millepertuis
peremption,péremption
22éme,22 éme
 depuis,depuis
19mois,19mois
helichryse,helichryse
tea,te
recomencer,recommencer
zhom,zoom
endometre,endomètre
2007 à 22,2007 à 22
inject,injecte
arkogelules,arkogelules
interractions,interactions
vigilence,vigilance
miness,mines
1an,1 an
arretée,arrêtée
levodopa,levodopa
8jrs,8 jrs
prevenar,prevenar
lacné,l’acné
corecteur,correcteur
reseignement,renseignement
decalage,dessalage
appercue,uppercut
differents,différents
vanessa,Vanessa
risperal,dispersal
antidép,anatidé
11décembre,11décembre
râter,rater
rapeler,rappeler
someil,sommeil
paupiere,paupière
lp,op
effetsindésirables,effets indésirables
inadvertence,inadvertance
plutar,plupart
antibios,antibois
calcanéennes,cananéennes
perace,perce
nvlle,nille
anitbiotique,antibiotique
desuite,de suite
redeclenché,redeclenché
parmis,parmi
differin,differin
guerir,guérir
sperm,sperme
b5,b5
spm,spam
jen,j’en
derinieres,derinieres
cymblalta,cymblalta
dhier,d’hier
arsenicum,arsenic
arrete,arrête
k1,k1
abcés,abcès
kaki23,kaki23
appercu,uppercut
defonce,défonce
6ans,6 ans
2cp,2cp
sour,soir
cérazette,cérazette
eco,ego
déreglement,dérèglement
oeufs,œufs
hyopkaliémie,hypokaliémie
comprim,comprime
hcz,hcz
orgametil,orgametil
prensd,prends
pourkoi,pourquoi
tars,rats
metfomine,metfomine
 mes,mes
empoisennement,empoisonnement
enervé,énerve
12h,12 h
meningetec,meningetec
tombee,tombée
médic,médoc
oestrophagien,oestrophagien
anthocyanosides,anthocyanosides
inconvenients,inconvénients
protidyne,protide
médrol,médrol
indecision,indécision
eté,été
precoce,précoce
reservé,réserve
lamictale,amicale
biprofenid,biprofenid
poussee,poussée
merck,merci
fallais,dallais
pdl,pal
débarasser,débarrasser
piquûre,piqûre
lexomil,lexomil
systeme,système
benefiques,benthiques
achille,Achille
periode,période
douelurs,douleurs
cutannée,cutanée
spotting,spotting
2014 à 19,2014 à 19
jespere,jespere
accroitre,accroître
verrucide,virucide
pourait,pourrait
kelkun,kelkun
ao,ai
33j,33 j
prescrir,prescrit
anacardium,anacardier
décontracturante,décontractante
anné,Anne
14°c,14°c
carbidopa,carbidopa
